blowsmmpanel.com,Internet Services,2020-10-14 17:42:57.880215
dripfeedpanel.com,Internet Services,2020-10-14 17:43:06.736763
turkeysmmpanel.com,Internet Services,2020-10-14 17:43:13.594069
justanotherpanel.com,Media Sharing,2020-10-14 17:43:21.697087
media-panel.net,Malicious Sites,2020-10-14 17:43:28.384182
instantpanel.net,Media Sharing,2020-10-14 17:43:35.603123
heartmedia.in,Marketing/Merchandising,2020-10-14 17:43:42.452911
socialarmy.co,Internet Services,2020-10-14 17:43:49.236158
smm-booster.com,Marketing/Merchandising,2020-10-14 17:43:56.489744
socialreseller.org,Internet Services,2020-10-14 17:44:03.306137
fastestsmmpanel.com,Internet Services,2020-10-14 17:44:10.782013
smm-panel.io,Internet Services,2020-10-14 17:44:19.037830
smmtube.pro,Media Sharing,2020-10-14 17:44:27.252982
smmkix.com,Internet Services,2020-10-14 17:44:35.702618
followerspanda.com,Internet Services,2020-10-14 17:44:43.771518
classicsmm.com,Marketing/Merchandising,2020-10-14 17:44:51.006661
perfectsmm.com,Media Sharing,2020-10-14 17:44:57.889780
smmraja.in,Media Sharing,2020-10-14 17:45:05.758494
smmfollows.com,Media Sharing,2020-10-14 17:45:12.293722
followgram.net,Marketing/Merchandising,2020-10-14 17:45:19.127898
buybestsuperfans.com,Internet Services,2020-10-14 17:45:25.835181
boostsmmpanel.com,Business,2020-10-14 17:45:33.346242
instasmartt.com,Marketing/Merchandising,2020-10-14 17:45:40.105345
smmcage.com,Media Sharing,2020-10-14 17:45:47.093224
smmpanel.net,PUPs (potentially unwanted programs),2020-10-14 17:45:53.827861
followsnake.com,Marketing/Merchandising,2020-10-14 17:46:02.577385
googlesmm.com,Marketing/Merchandising,2020-10-14 17:46:10.334114
smmpanelboost.com,Media Sharing,2020-10-14 17:46:18.163374
bulkcheapservice.com,Internet Services,2020-10-14 17:46:25.620424
indiakasmm.in,Internet Services,2020-10-14 17:46:32.376370
smmstore.pro,Media Sharing,2020-10-14 17:46:39.428557
instosmm.com,Internet Services,2020-10-14 17:46:46.596351
smmkings.com,Media Sharing,2020-10-14 17:46:53.257524
snakerspanel.com,Marketing/Merchandising,2020-10-14 17:46:59.892419
yousmmpanel.com,Internet Services,2020-10-14 17:47:06.921626
viralitystore.com,Internet Services,2020-10-14 17:47:13.734855
smmservices.pk,Marketing/Merchandising,2020-10-14 17:47:20.861945
smmlikeview.com,Media Sharing$Parked Domain,2020-10-14 17:47:27.384098
reysmm.com,Internet Services,2020-10-14 17:47:34.061929
khansmm.com,Internet Services,2020-10-14 17:47:41.333937
swiilexsmmpanel.com,Internet Services,2020-10-14 17:47:48.038055
paytosmm.com,Marketing/Merchandising,2020-10-14 17:47:54.684180
needmoresmm.com,Marketing/Merchandising,2020-10-14 17:48:01.887019
followersmm.com,Marketing/Merchandising,2020-10-14 17:48:08.397210
msp-panel.com,Marketing/Merchandising,2020-10-14 17:48:16.043480
sell.cyberxcrime.com,Internet Services,2020-10-14 17:48:22.595937
indiansmartpanel.com,Internet Services,2020-10-14 17:48:29.512140
smmfansfaster.com,Internet Services,2020-10-14 17:48:38.005409
mauryamedia.com,Internet Services,2020-10-14 17:48:45.019543
instarazzo.com,Blogs/Wiki,2020-10-14 17:48:51.950500
topsmmpanel.com,Online Shopping,2020-10-14 17:48:59.879362
followerskart.com,Marketing/Merchandising,2020-10-14 17:49:07.079875
socialpanel.io,Internet Services,2020-10-14 17:49:14.346113
cheapsmmpanel.com,Media Sharing,2020-10-14 17:49:22.365301
ogboost.com,Marketing/Merchandising,2020-10-14 17:49:29.311312
yoyomedia.in,Internet Services,2020-10-14 17:49:36.124104
truelysocial.com,Marketing/Merchandising,2020-10-14 17:49:43.222146
asiasmmpanel.com,Internet Services,2020-10-14 17:49:49.910913
socialworldpanel.com,Internet Services,2020-10-14 17:49:57.365231
instantsmo.com,Internet Services,2020-10-14 17:50:05.677679
jephsmm.com,Internet Services,2020-10-14 17:50:13.700713
canpanel.net,Marketing/Merchandising,2020-10-14 17:50:43.094890
albasocial.net,Marketing/Merchandising,2020-10-14 17:50:53.227057
fivebbc.com,Media Sharing,2020-10-14 17:51:01.865169
smmlite.com,Media Sharing,2020-10-14 17:51:10.177870
mainsmmpanel.com,Internet Services,2020-10-14 17:51:18.006448
smmride.com,Media Sharing,2020-10-14 17:51:25.060052
easy2promo.com,Marketing/Merchandising,2020-10-14 17:51:31.708709
atompanel.com,Internet Services,2020-10-14 17:51:40.018326
freealls.com,Internet Services,2020-10-14 17:51:46.691209
smmjunction.com,Marketing/Merchandising,2020-10-14 17:51:55.219593
rksocialking.com,Internet Services,2020-10-14 17:52:02.709603
popssmm.com,Internet Services,2020-10-14 17:52:10.682585
smm.bywex.com,Malicious Sites,2020-10-14 17:52:19.277102
smm-heaven.net,Marketing/Merchandising,2020-10-14 17:52:27.184525
indiapanel.in,Internet Services,2020-10-14 17:52:34.181431
socialspro.net,Media Sharing,2020-10-14 17:52:41.238294
smm.net,Internet Services,2020-10-14 17:52:49.216294
thundersmmpanel.com,Internet Services,2020-10-14 17:52:55.953325
instant-fans.com,Media Sharing,2020-10-14 17:53:02.686648
smartsmmpanel.com,Internet Services,2020-10-14 18:13:35.755518
socialpanel24.com,Media Sharing,2020-10-14 18:13:44.778491
