blowsmmpanel.com,Be the first to tag this domain,2020-10-14 17:36:50.028022
dripfeedpanel.com,Be the first to tag this domain,2020-10-14 17:36:50.028022
turkeysmmpanel.com,Be the first to tag this domain,2020-10-14 17:36:50.028022
justanotherpanel.com,Be the first to tag this domain,2020-10-14 17:36:50.028022
media-panel.net,Be the first to tag this domain,2020-10-14 17:36:50.028022
instantpanel.net,Be the first to tag this domain,2020-10-14 17:36:50.028022
heartmedia.in,Be the first to tag this domain,2020-10-14 17:36:50.028022
socialarmy.co,Be the first to tag this domain,2020-10-14 17:36:50.028022
smm-booster.com,Be the first to tag this domain,2020-10-14 17:36:50.028022
socialreseller.org,Be the first to tag this domain,2020-10-14 17:36:50.028022
followerspanda.com,Be the first to tag this domain,2020-10-14 17:37:03.184023
perfectsmm.com,Be the first to tag this domain,2020-10-14 17:37:03.184023
fastestsmmpanel.com,Be the first to tag this domain,2020-10-14 17:37:03.184023
smm-panel.io,Be the first to tag this domain,2020-10-14 17:37:03.184023
smmtube.pro,Be the first to tag this domain,2020-10-14 17:37:03.184023
smmkix.com,Be the first to tag this domain,2020-10-14 17:37:03.184023
classicsmm.com,Be the first to tag this domain,2020-10-14 17:37:03.184023
smmraja.in,Be the first to tag this domain,2020-10-14 17:37:03.184023
smmfollows.com,Be the first to tag this domain,2020-10-14 17:37:03.184023
followgram.net,Be the first to tag this domain,2020-10-14 17:37:03.184023
boostsmmpanel.com,Be the first to tag this domain,2020-10-14 17:37:15.932014
instasmartt.com,Be the first to tag this domain,2020-10-14 17:37:15.932014
smmcage.com,Be the first to tag this domain,2020-10-14 17:37:15.932014
indiakasmm.in,Be the first to tag this domain,2020-10-14 17:37:15.932014
smmpanel.net,Be the first to tag this domain,2020-10-14 17:37:15.932014
followsnake.com,Be the first to tag this domain,2020-10-14 17:37:15.932014
bulkcheapservice.com,Be the first to tag this domain,2020-10-14 17:37:15.932014
buybestsuperfans.com,Be the first to tag this domain,2020-10-14 17:37:15.932014
smmpanelboost.com,Be the first to tag this domain,2020-10-14 17:37:15.932014
googlesmm.com,Be the first to tag this domain,2020-10-14 17:37:15.932014
smmstore.pro,Be the first to tag this domain,2020-10-14 17:37:28.532083
instosmm.com,Be the first to tag this domain,2020-10-14 17:37:28.532083
smmkings.com,Be the first to tag this domain,2020-10-14 17:37:28.532083
snakerspanel.com,Be the first to tag this domain,2020-10-14 17:37:28.532083
yousmmpanel.com,Be the first to tag this domain,2020-10-14 17:37:28.532083
viralitystore.com,Be the first to tag this domain,2020-10-14 17:37:28.532083
smmservices.pk,Be the first to tag this domain,2020-10-14 17:37:28.532083
smmlikeview.com,Be the first to tag this domain,2020-10-14 17:37:28.532083
reysmm.com,Be the first to tag this domain,2020-10-14 17:37:28.532083
khansmm.com,Be the first to tag this domain,2020-10-14 17:37:28.532083
swiilexsmmpanel.com,Be the first to tag this domain,2020-10-14 17:37:41.520025
paytosmm.com,Be the first to tag this domain,2020-10-14 17:37:41.520025
followersmm.com,Be the first to tag this domain,2020-10-14 17:37:41.520025
msp-panel.com,Be the first to tag this domain,2020-10-14 17:37:41.520025
sell.cyberxcrime.com,Be the first to tag this domain,2020-10-14 17:37:41.520025
indiansmartpanel.com,Be the first to tag this domain,2020-10-14 17:37:41.520025
smmfansfaster.com,Be the first to tag this domain,2020-10-14 17:37:41.520025
mauryamedia.com,Be the first to tag this domain,2020-10-14 17:37:41.520025
instarazzo.com,Be the first to tag this domain,2020-10-14 17:37:41.520025
needmoresmm.com,Be the first to tag this domain,2020-10-14 17:37:41.520025
topsmmpanel.com,Be the first to tag this domain,2020-10-14 17:37:54.436023
followerskart.com,Be the first to tag this domain,2020-10-14 17:37:54.436023
socialpanel.io,Be the first to tag this domain,2020-10-14 17:37:54.436023
cheapsmmpanel.com,Be the first to tag this domain,2020-10-14 17:37:54.436023
ogboost.com,Be the first to tag this domain,2020-10-14 17:37:54.436023
yoyomedia.in,Be the first to tag this domain,2020-10-14 17:37:54.436023
truelysocial.com,Be the first to tag this domain,2020-10-14 17:37:54.436023
asiasmmpanel.com,Be the first to tag this domain,2020-10-14 17:37:54.436023
instantsmo.com,Be the first to tag this domain,2020-10-14 17:37:54.436023
socialworldpanel.com,Be the first to tag this domain,2020-10-14 17:37:54.436023
smartsmmpanel.com,Be the first to tag this domain,2020-10-14 17:38:07.016032
canpanel.net,Be the first to tag this domain,2020-10-14 17:38:07.016032
albasocial.net,Be the first to tag this domain,2020-10-14 17:38:07.016032
fivebbc.com,Be the first to tag this domain,2020-10-14 17:38:07.016032
mainsmmpanel.com,Be the first to tag this domain,2020-10-14 17:38:07.016032
smmride.com,Be the first to tag this domain,2020-10-14 17:38:07.016032
easy2promo.com,Be the first to tag this domain,2020-10-14 17:38:07.016032
smmlite.com,Be the first to tag this domain,2020-10-14 17:38:07.016032
jephsmm.com,Be the first to tag this domain,2020-10-14 17:38:07.016032
socialpanel24.com,Be the first to tag this domain,2020-10-14 17:38:07.016032
atompanel.com,Content Delivery Networks,2020-10-14 17:38:19.984025
indiapanel.in,Be the first to tag this domain,2020-10-14 17:38:19.984025
freealls.com,Be the first to tag this domain,2020-10-14 17:38:19.984025
smmjunction.com,Be the first to tag this domain,2020-10-14 17:38:19.984025
rksocialking.com,Be the first to tag this domain,2020-10-14 17:38:19.984025
popssmm.com,Be the first to tag this domain,2020-10-14 17:38:19.984025
smm-heaven.net,Be the first to tag this domain,2020-10-14 17:38:19.984025
socialspro.net,Be the first to tag this domain,2020-10-14 17:38:19.984025
smm.net,Be the first to tag this domain,2020-10-14 17:38:19.984025
smm.bywex.com,Be the first to tag this domain,2020-10-14 17:38:19.984025
thundersmmpanel.com,Be the first to tag this domain,2020-10-14 17:38:32.872016
instant-fans.com,Be the first to tag this domain,2020-10-14 17:38:32.872016
