blowsmmpanel.com,no_result,2020-10-14 18:02:20.777254
dripfeedpanel.com,no_result,2020-10-14 18:02:20.777254
turkeysmmpanel.com,no_result,2020-10-14 18:02:20.777254
justanotherpanel.com,Technology/Internet,2020-10-14 18:02:20.777254
media-panel.net,Malicious Sources/Malnets,2020-10-14 18:02:20.777254
instantpanel.net,no_result,2020-10-14 18:02:20.777254
heartmedia.in,no_result,2020-10-14 18:02:20.777254
socialarmy.co,Phishing,2020-10-14 18:02:20.777254
smm-booster.com,no_result,2020-10-14 18:02:20.777254
socialreseller.org,no_result,2020-10-14 18:02:20.777254
fastestsmmpanel.com,Suspicious,2020-10-14 18:02:20.777254
smm-panel.io,Technology/Internet,2020-10-14 18:02:20.777254
smmtube.pro,no_result,2020-10-14 18:02:20.777254
smmkix.com,no_result,2020-10-14 18:02:20.777254
followerspanda.com,Technology/Internet,2020-10-14 18:02:20.777254
classicsmm.com,no_result,2020-10-14 18:02:20.777254
perfectsmm.com,Suspicious,2020-10-14 18:02:20.777254
smmraja.in,no_result,2020-10-14 18:02:20.777254
smmfollows.com,Technology/Internet,2020-10-14 18:02:20.777254
followgram.net,Technology/Internet,2020-10-14 18:02:20.777254
buybestsuperfans.com,no_result,2020-10-14 18:02:20.777254
boostsmmpanel.com,no_result,2020-10-14 18:02:20.777254
instasmartt.com,no_result,2020-10-14 18:02:20.777254
smmcage.com,no_result,2020-10-14 18:02:20.777254
smmpanel.net,Technology/Internet,2020-10-14 18:02:20.777254
followsnake.com,Technology/Internet,2020-10-14 18:02:20.777254
googlesmm.com,no_result,2020-10-14 18:02:20.777254
smmpanelboost.com,no_result,2020-10-14 18:02:20.777254
bulkcheapservice.com,no_result,2020-10-14 18:02:20.777254
indiakasmm.in,no_result,2020-10-14 18:02:20.777254
smmstore.pro,no_result,2020-10-14 18:02:20.777254
instosmm.com,no_result,2020-10-14 18:02:20.777254
smmkings.com,Technology/Internet,2020-10-14 18:02:20.777254
snakerspanel.com,no_result,2020-10-14 18:02:20.777254
yousmmpanel.com,Placeholders,2020-10-14 18:02:20.777254
viralitystore.com,no_result,2020-10-14 18:02:20.777254
smmservices.pk,no_result,2020-10-14 18:02:20.777254
smmlikeview.com,no_result,2020-10-14 18:02:20.777254
reysmm.com,Placeholders,2020-10-14 18:02:20.777254
khansmm.com,no_result,2020-10-14 18:02:20.777254
swiilexsmmpanel.com,no_result,2020-10-14 18:02:20.777254
paytosmm.com,no_result,2020-10-14 18:02:20.777254
needmoresmm.com,no_result,2020-10-14 18:02:20.777254
followersmm.com,Technology/Internet,2020-10-14 18:02:20.777254
msp-panel.com,no_result,2020-10-14 18:02:20.777254
sell.cyberxcrime.com,Suspicious,2020-10-14 18:02:20.777254
indiansmartpanel.com,no_result,2020-10-14 18:02:20.777254
smmfansfaster.com,Phishing,2020-10-14 18:02:20.777254
mauryamedia.com,no_result,2020-10-14 18:02:20.777254
instarazzo.com,no_result,2020-10-14 18:02:20.777254
topsmmpanel.com,no_result,2020-10-14 18:02:20.777254
followerskart.com,Suspicious,2020-10-14 18:02:20.777254
socialpanel.io,no_result,2020-10-14 18:02:20.777254
cheapsmmpanel.com,Suspicious,2020-10-14 18:02:20.777254
ogboost.com,Placeholders,2020-10-14 18:02:20.777254
yoyomedia.in,Suspicious,2020-10-14 18:02:20.777254
truelysocial.com,Placeholders,2020-10-14 18:02:20.777254
asiasmmpanel.com,no_result,2020-10-14 18:02:20.777254
socialworldpanel.com,no_result,2020-10-14 18:02:20.777254
instantsmo.com,no_result,2020-10-14 18:02:20.777254
jephsmm.com,no_result,2020-10-14 18:02:20.777254
socialpanel24.com,Technology/Internet,2020-10-14 18:02:20.777254
smartsmmpanel.com,Placeholders,2020-10-14 18:02:20.777254
canpanel.net,Suspicious,2020-10-14 18:02:20.777254
albasocial.net,Suspicious,2020-10-14 18:02:20.777254
fivebbc.com,Technology/Internet,2020-10-14 18:02:20.777254
smmlite.com,Technology/Internet,2020-10-14 18:02:20.777254
mainsmmpanel.com,no_result,2020-10-14 18:02:20.777254
smmride.com,no_result,2020-10-14 18:02:20.777254
easy2promo.com,no_result,2020-10-14 18:02:20.777254
atompanel.com,Placeholders,2020-10-14 18:02:20.777254
freealls.com,Pornography,2020-10-14 18:02:20.777254
smmjunction.com,Technology/Internet,2020-10-14 18:02:20.777254
rksocialking.com,no_result,2020-10-14 18:02:20.777254
popssmm.com,no_result,2020-10-14 18:02:20.777254
smm.bywex.com,no_result,2020-10-14 18:02:20.777254
smm-heaven.net,no_result,2020-10-14 18:02:20.777254
indiapanel.in,Suspicious,2020-10-14 18:02:20.777254
socialspro.net,no_result,2020-10-14 18:02:20.777254
smm.net,no_result,2020-10-14 18:02:20.777254
thundersmmpanel.com,no_result,2020-10-14 18:02:20.777254
instant-fans.com,Technology/Internet,2020-10-14 18:02:20.777254
