Panel,median_n_entries
BuyBestSuperfans,2360.5
SMMFansFaster,1617.0
JustAnotherPanel,1488.0
SocialReseller,1011.0
SmmStore,1003.0
BoostSmmPanel,864.0
SmmLite,802.0
SMMKings,774.5
Instantisimo,749.0
SmmFollows,727.0
InstantPanel,696.0
Heartmedia,663.0
Fivebbc,633.5
SMM-heaven,617.0
SMMPanel,590.0
GoogleSMM,577.0
InstantFans,452.0
SMMBooster,443.0
PerfectSMM,425.0
OGBoost,417.0
SMMRide,404.0
CanPanel,381.0
BlowSMMPanel,381.0
FollowerSMM,373.0
KhanSMM,370.0
NeedmoreSMM,364.0
MediaPanel,362.0
SMMJunction,347.0
BulkCheapService,343.0
PaytoSMM,341.5
SocialArmy,333.0
Groomista,328.0
Snakerspanel,306.0
Dripfeedpanel,286.0
SocialsPro,278.0
MSP-Panel,251.0
ThunderSMMPanel,222.0
InstaSmartt,217.0
TruelySocial,194.0
TopSMMPanel,193.0
SocialWorldPanel,189.0
IndianSmartPanel,175.0
SMMPanelTube,170.0
YouSMMPanel,169.0
ReySMM,167.0
CheapSmmPanel,164.0
IndiaPanel,151.0
SmartSMMPanel,144.0
JephSMM,139.0
FollowersKart,138.0
Bywex,138.0
SMMNet,94.0
InstantSMMPanel,69.0
ClassicSMM,68.5
CyberxCrime,55.0
SMM-Panel,55.0
SMMServices,41.0
